{"compute_capability":"8.0","device_name":"NVIDIA A100-SXM4-40GB","duration_s_per_run":1.0,"generated_at":"2026-04-29T11:11:12Z","idle_baseline":{"idle_clock_mhz_median":1410.0,"idle_power_w_mean":92.25073504273523,"idle_sample_count":117},"n_iters_calibrated":55889401,"n_sms":108,"rows":[{"actual_fraction":0.009259259259259259,"idle":{"idle_clock_mhz_median":1410.0,"idle_power_w_mean":92.25073504273523,"idle_sample_count":117},"kernel_ms":999.9129619999394,"n_sms":108,"per_call_iters":87932841,"power_w_above_idle":6.354442950792489,"power_w_max":98.762,"power_w_mean_active":98.60517799352772,"shifts":1,"target_blocks":1,"target_fraction":0.005,"telemetry":{"clock_mhz_max":1410.0,"clock_mhz_median":1410.0,"power_w_max":98.762,"power_w_mean":97.84654545454569,"sample_count":341,"sm_util_max":100.0,"sm_util_mean":81.72434017595307,"sm_util_median":100.0,"sm_util_min":0.0,"temp_c_max":34.0,"temp_c_mean":33.941348973607035}},{"actual_fraction":0.009259259259259259,"kernel_ms":999.9499140000125,"n_sms":108,"per_call_iters":87932841,"power_w_above_idle":6.311785365428108,"power_w_max":98.736,"power_w_mean_active":98.56252040816334,"shifts":1,"target_blocks":1,"target_fraction":0.01,"telemetry":{"clock_mhz_max":1410.0,"clock_mhz_median":1410.0,"power_w_max":98.736,"power_w_mean":97.88034259259273,"sample_count":216,"sm_util_max":100.0,"sm_util_mean":90.97222222222223,"sm_util_median":100.0,"sm_util_min":69.0,"temp_c_max":34.0,"temp_c_mean":34.0}},{"actual_fraction":0.046296296296296294,"kernel_ms":1005.0387439999895,"n_sms":108,"per_call_iters":87932841,"power_w_above_idle":9.080517482517479,"power_w_max":101.66,"power_w_mean_active":101.33125252525271,"shifts":1,"target_blocks":5,"target_fraction":0.05,"telemetry":{"clock_mhz_max":1410.0,"clock_mhz_median":1410.0,"power_w_max":101.66,"power_w_mean":100.4363917050693,"sample_count":217,"sm_util_max":100.0,"sm_util_mean":91.01382488479263,"sm_util_median":100.0,"sm_util_min":50.0,"temp_c_max":35.0,"temp_c_mean":34.815668202764975}},{"actual_fraction":0.10185185185185185,"kernel_ms":1005.5082129999846,"n_sms":108,"per_call_iters":87932841,"power_w_above_idle":13.596790209790157,"power_w_max":106.258,"power_w_mean_active":105.84752525252539,"shifts":1,"target_blocks":11,"target_fraction":0.1,"telemetry":{"clock_mhz_max":1410.0,"clock_mhz_median":1410.0,"power_w_max":106.258,"power_w_mean":104.58104608294954,"sample_count":217,"sm_util_max":100.0,"sm_util_mean":90.86175115207374,"sm_util_median":100.0,"sm_util_min":67.0,"temp_c_max":36.0,"temp_c_mean":35.17972350230415}},{"actual_fraction":0.25,"kernel_ms":1006.4755829999967,"n_sms":108,"per_call_iters":87932841,"power_w_above_idle":25.20484871360938,"power_w_max":118.332,"power_w_mean_active":117.45558375634461,"shifts":1,"target_blocks":27,"target_fraction":0.25,"telemetry":{"clock_mhz_max":1410.0,"clock_mhz_median":1410.0,"power_w_max":118.332,"power_w_mean":115.07396313363995,"sample_count":217,"sm_util_max":100.0,"sm_util_mean":91.01382488479263,"sm_util_median":100.0,"sm_util_min":50.0,"temp_c_max":36.0,"temp_c_mean":35.8110599078341}},{"actual_fraction":0.39814814814814814,"kernel_ms":1006.3604409999698,"n_sms":108,"per_call_iters":87932841,"power_w_above_idle":35.4112144522141,"power_w_max":129.939,"power_w_mean_active":127.66194949494933,"shifts":1,"target_blocks":43,"target_fraction":0.4,"telemetry":{"clock_mhz_max":1410.0,"clock_mhz_median":1410.0,"power_w_max":129.939,"power_w_mean":124.42654128440344,"sample_count":218,"sm_util_max":100.0,"sm_util_mean":90.35321100917432,"sm_util_median":100.0,"sm_util_min":68.0,"temp_c_max":37.0,"temp_c_mean":36.75688073394495}},{"actual_fraction":0.5,"kernel_ms":1007.8988249999838,"n_sms":108,"per_call_iters":87932841,"power_w_above_idle":41.60904273504248,"power_w_max":135.924,"power_w_mean_active":133.8597777777777,"shifts":1,"target_blocks":54,"target_fraction":0.5,"telemetry":{"clock_mhz_max":1410.0,"clock_mhz_median":1410.0,"power_w_max":135.924,"power_w_mean":130.00135779816506,"sample_count":218,"sm_util_max":100.0,"sm_util_mean":91.05504587155963,"sm_util_median":100.0,"sm_util_min":50.0,"temp_c_max":38.0,"temp_c_mean":37.444954128440365}},{"actual_fraction":0.6018518518518519,"kernel_ms":1004.5456430000286,"n_sms":108,"per_call_iters":87932841,"power_w_above_idle":49.94423465423459,"power_w_max":144.173,"power_w_mean_active":142.19496969696982,"shifts":1,"target_blocks":65,"target_fraction":0.6,"telemetry":{"clock_mhz_max":1410.0,"clock_mhz_median":1410.0,"power_w_max":144.173,"power_w_mean":137.82287096774218,"sample_count":217,"sm_util_max":100.0,"sm_util_mean":90.23041474654377,"sm_util_median":100.0,"sm_util_min":70.0,"temp_c_max":39.0,"temp_c_mean":38.25345622119816}},{"actual_fraction":0.75,"kernel_ms":1003.1233429999702,"n_sms":108,"per_call_iters":87932841,"power_w_above_idle":61.68066597249357,"power_w_max":156.186,"power_w_mean_active":153.9314010152288,"shifts":1,"target_blocks":81,"target_fraction":0.75,"telemetry":{"clock_mhz_max":1410.0,"clock_mhz_median":1410.0,"power_w_max":156.186,"power_w_mean":148.35772350230437,"sample_count":217,"sm_util_max":100.0,"sm_util_mean":91.01382488479263,"sm_util_median":100.0,"sm_util_min":50.0,"temp_c_max":40.0,"temp_c_mean":38.97695852534562}},{"actual_fraction":0.8981481481481481,"kernel_ms":1002.4016169999186,"n_sms":108,"per_call_iters":87932841,"power_w_above_idle":73.6733867846756,"power_w_max":167.913,"power_w_mean_active":165.92412182741083,"shifts":1,"target_blocks":97,"target_fraction":0.9,"telemetry":{"clock_mhz_max":1410.0,"clock_mhz_median":1410.0,"power_w_max":167.913,"power_w_mean":159.56579629629607,"sample_count":216,"sm_util_max":100.0,"sm_util_mean":90.82407407407408,"sm_util_median":100.0,"sm_util_min":68.0,"temp_c_max":41.0,"temp_c_mean":39.72222222222222}},{"actual_fraction":1.0,"kernel_ms":1004.1421340000625,"n_sms":108,"per_call_iters":87932841,"power_w_above_idle":82.16407206386371,"power_w_max":176.091,"power_w_mean_active":174.41480710659894,"shifts":1,"target_blocks":108,"target_fraction":1.0,"telemetry":{"clock_mhz_max":1410.0,"clock_mhz_median":1410.0,"power_w_max":176.091,"power_w_mean":166.96118433179726,"sample_count":217,"sm_util_max":100.0,"sm_util_mean":90.78341013824885,"sm_util_median":100.0,"sm_util_min":50.0,"temp_c_max":41.0,"temp_c_mean":40.45622119815668}},{"actual_fraction":1.5,"kernel_ms":1002.491899000006,"n_sms":108,"per_call_iters":43966420,"power_w_above_idle":66.11715835828015,"power_w_max":176.187,"power_w_mean_active":158.36789340101538,"shifts":2,"target_blocks":162,"target_fraction":1.5,"telemetry":{"clock_mhz_max":1410.0,"clock_mhz_median":1410.0,"power_w_max":176.187,"power_w_mean":152.43933179723518,"sample_count":217,"sm_util_max":100.0,"sm_util_mean":91.01382488479263,"sm_util_median":100.0,"sm_util_min":67.0,"temp_c_max":41.0,"temp_c_mean":39.8294930875576}},{"actual_fraction":2.0,"kernel_ms":1005.3216410000232,"n_sms":108,"per_call_iters":43966420,"power_w_above_idle":80.0829013209012,"power_w_max":177.657,"power_w_mean_active":172.33363636363643,"shifts":2,"target_blocks":216,"target_fraction":2.0,"telemetry":{"clock_mhz_max":1410.0,"clock_mhz_median":1410.0,"power_w_max":177.657,"power_w_mean":164.97880733944942,"sample_count":218,"sm_util_max":100.0,"sm_util_mean":91.05504587155963,"sm_util_median":100.0,"sm_util_min":50.0,"temp_c_max":42.0,"temp_c_mean":40.522935779816514}}],"shared_memory_per_multiprocessor":167936,"sm_occupancy_sweep_version":"v2","smem_bytes_per_block":98304,"threads_per_block":1024,"torch_version":"2.7.0"}
