{"compute_capability":"8.0","device_name":"NVIDIA A100-SXM4-40GB","duration_s_per_run":1.5,"generated_at":"2026-04-29T11:53:15Z","idle_baseline":{"idle_clock_mhz_median":1410.0,"idle_power_w_mean":70.208813559322,"idle_sample_count":118},"max_blocks_per_sm_query":1,"n_iters_calibrated":77809062,"n_sms":108,"rows":[{"actual_fraction":0.009259259259259259,"dcgm":{"active_sample_count":26,"sample_count":26,"sm_active_all_mean":0.00853846153846154,"sm_active_max":0.009,"sm_active_mean":0.00853846153846154,"sm_active_median":0.009,"sm_active_min":0.0},"dcgm_measured_blocks":0.9221538461538463,"idle":{"idle_clock_mhz_median":1410.0,"idle_power_w_mean":70.208813559322,"idle_sample_count":118},"kernel_ms":1499.6555520000356,"n_sms":108,"per_call_iters":131776903,"power_w_above_idle":31.116140163012716,"power_w_max":101.637,"power_w_mean_active":101.32495372233471,"shifts":1,"target_blocks":1,"target_fraction":0.005,"telemetry":{"clock_mhz_max":1410.0,"clock_mhz_median":1410.0,"power_w_max":101.637,"power_w_mean":97.50994295900261,"sample_count":561,"sm_util_max":100.0,"sm_util_mean":80.84135472370767,"sm_util_median":100.0,"sm_util_min":0.0,"temp_c_max":35.0,"temp_c_mean":34.70944741532977}},{"actual_fraction":0.009259259259259259,"dcgm":{"active_sample_count":17,"sample_count":17,"sm_active_all_mean":0.007941176470588234,"sm_active_max":0.009,"sm_active_mean":0.007941176470588234,"sm_active_median":0.009,"sm_active_min":0.0},"dcgm_measured_blocks":0.8576470588235293,"kernel_ms":1499.3568450000225,"n_sms":108,"per_call_iters":131776903,"power_w_above_idle":31.44900351384861,"power_w_max":102.014,"power_w_mean_active":101.6578170731706,"shifts":1,"target_blocks":1,"target_fraction":0.01,"telemetry":{"clock_mhz_max":1410.0,"clock_mhz_median":1410.0,"power_w_max":102.014,"power_w_mean":96.69898191214479,"sample_count":387,"sm_util_max":100.0,"sm_util_mean":75.58656330749353,"sm_util_median":100.0,"sm_util_min":0.0,"temp_c_max":36.0,"temp_c_mean":35.49095607235142}},{"actual_fraction":0.046296296296296294,"dcgm":{"active_sample_count":17,"sample_count":17,"sm_active_all_mean":0.040235294117647064,"sm_active_max":0.046,"sm_active_mean":0.040235294117647064,"sm_active_median":0.046,"sm_active_min":0.0},"dcgm_measured_blocks":4.345411764705883,"kernel_ms":1503.3723299999906,"n_sms":108,"per_call_iters":131776903,"power_w_above_idle":33.52028701539048,"power_w_max":104.877,"power_w_mean_active":103.72910057471248,"shifts":1,"target_blocks":5,"target_fraction":0.05,"telemetry":{"clock_mhz_max":1410.0,"clock_mhz_median":1410.0,"power_w_max":104.877,"power_w_mean":100.1197603092779,"sample_count":388,"sm_util_max":100.0,"sm_util_mean":76.12371134020619,"sm_util_median":100.0,"sm_util_min":0.0,"temp_c_max":36.0,"temp_c_mean":35.79639175257732}},{"actual_fraction":0.10185185185185185,"dcgm":{"active_sample_count":15,"sample_count":17,"sm_active_all_mean":0.0891764705882353,"sm_active_max":0.102,"sm_active_mean":0.09973333333333335,"sm_active_median":0.102,"sm_active_min":0.068},"dcgm_measured_blocks":10.771200000000002,"kernel_ms":1501.7294009999773,"n_sms":108,"per_call_iters":131776903,"power_w_above_idle":37.634091613092025,"power_w_max":110.257,"power_w_mean_active":107.84290517241402,"shifts":1,"target_blocks":11,"target_fraction":0.1,"telemetry":{"clock_mhz_max":1410.0,"clock_mhz_median":1410.0,"power_w_max":110.257,"power_w_mean":103.89691214470288,"sample_count":387,"sm_util_max":100.0,"sm_util_mean":76.46770025839793,"sm_util_median":100.0,"sm_util_min":0.0,"temp_c_max":37.0,"temp_c_mean":36.50645994832041}},{"actual_fraction":0.25,"dcgm":{"active_sample_count":16,"sample_count":17,"sm_active_all_mean":0.21882352941176472,"sm_active_max":0.25,"sm_active_mean":0.2325,"sm_active_median":0.25,"sm_active_min":0.071},"dcgm_measured_blocks":25.110000000000003,"kernel_ms":1502.3943270000473,"n_sms":108,"per_call_iters":131776903,"power_w_above_idle":48.07693873425562,"power_w_max":121.298,"power_w_mean_active":118.28575229357762,"shifts":1,"target_blocks":27,"target_fraction":0.25,"telemetry":{"clock_mhz_max":1410.0,"clock_mhz_median":1410.0,"power_w_max":121.298,"power_w_mean":110.85199222797915,"sample_count":386,"sm_util_max":100.0,"sm_util_mean":77.19430051813471,"sm_util_median":100.0,"sm_util_min":0.0,"temp_c_max":38.0,"temp_c_mean":37.310880829015545}},{"actual_fraction":0.39814814814814814,"dcgm":{"active_sample_count":16,"sample_count":17,"sm_active_all_mean":0.36523529411764705,"sm_active_max":0.398,"sm_active_mean":0.3880625,"sm_active_median":0.398,"sm_active_min":0.239},"dcgm_measured_blocks":41.91075,"kernel_ms":1501.657258000023,"n_sms":108,"per_call_iters":131776903,"power_w_above_idle":54.93936223318525,"power_w_max":131.49,"power_w_mean_active":125.14817579250725,"shifts":1,"target_blocks":43,"target_fraction":0.4,"telemetry":{"clock_mhz_max":1410.0,"clock_mhz_median":1410.0,"power_w_max":131.49,"power_w_mean":119.36438501291995,"sample_count":387,"sm_util_max":100.0,"sm_util_mean":75.86046511627907,"sm_util_median":100.0,"sm_util_min":0.0,"temp_c_max":39.0,"temp_c_mean":38.0671834625323}},{"actual_fraction":0.5,"dcgm":{"active_sample_count":16,"sample_count":17,"sm_active_all_mean":0.4371764705882353,"sm_active_max":0.5,"sm_active_mean":0.46449999999999997,"sm_active_median":0.5,"sm_active_min":0.127},"dcgm_measured_blocks":50.166,"kernel_ms":1499.3529249999824,"n_sms":108,"per_call_iters":131776903,"power_w_above_idle":57.70717497936006,"power_w_max":135.609,"power_w_mean_active":127.91598853868206,"shifts":1,"target_blocks":54,"target_fraction":0.5,"telemetry":{"clock_mhz_max":1410.0,"clock_mhz_median":1410.0,"power_w_max":135.609,"power_w_mean":121.87222680412394,"sample_count":388,"sm_util_max":100.0,"sm_util_mean":76.93298969072166,"sm_util_median":100.0,"sm_util_min":0.0,"temp_c_max":40.0,"temp_c_mean":38.43556701030928}},{"actual_fraction":0.6018518518518519,"dcgm":{"active_sample_count":16,"sample_count":17,"sm_active_all_mean":0.5256470588235295,"sm_active_max":0.602,"sm_active_mean":0.5585000000000001,"sm_active_median":0.602,"sm_active_min":0.151},"dcgm_measured_blocks":60.31800000000001,"kernel_ms":1499.5852900000273,"n_sms":108,"per_call_iters":131776903,"power_w_above_idle":67.83059677502494,"power_w_max":142.972,"power_w_mean_active":138.03941033434694,"shifts":1,"target_blocks":65,"target_fraction":0.6,"telemetry":{"clock_mhz_max":1410.0,"clock_mhz_median":1410.0,"power_w_max":142.972,"power_w_mean":127.82331443299006,"sample_count":388,"sm_util_max":100.0,"sm_util_mean":76.04896907216495,"sm_util_median":100.0,"sm_util_min":0.0,"temp_c_max":40.0,"temp_c_mean":39.11082474226804}},{"actual_fraction":0.75,"dcgm":{"active_sample_count":16,"sample_count":18,"sm_active_all_mean":0.6197222222222222,"sm_active_max":0.75,"sm_active_mean":0.6971875,"sm_active_median":0.75,"sm_active_min":0.145},"dcgm_measured_blocks":75.29625,"kernel_ms":1499.0800190000186,"n_sms":108,"per_call_iters":131776903,"power_w_above_idle":75.13182621013034,"power_w_max":153.911,"power_w_mean_active":145.34063976945234,"shifts":1,"target_blocks":81,"target_fraction":0.75,"telemetry":{"clock_mhz_max":1410.0,"clock_mhz_median":1410.0,"power_w_max":153.911,"power_w_mean":137.38992764857863,"sample_count":387,"sm_util_max":100.0,"sm_util_mean":75.96899224806202,"sm_util_median":100.0,"sm_util_min":0.0,"temp_c_max":41.0,"temp_c_mean":39.91472868217054}},{"actual_fraction":0.8981481481481481,"dcgm":{"active_sample_count":16,"sample_count":17,"sm_active_all_mean":0.7856470588235291,"sm_active_max":0.898,"sm_active_mean":0.8347499999999998,"sm_active_median":0.898,"sm_active_min":0.248},"dcgm_measured_blocks":90.15299999999998,"kernel_ms":1499.410537000017,"n_sms":108,"per_call_iters":131776903,"power_w_above_idle":87.41420473336011,"power_w_max":164.954,"power_w_mean_active":157.6230182926821,"shifts":1,"target_blocks":97,"target_fraction":0.9,"telemetry":{"clock_mhz_max":1410.0,"clock_mhz_median":1410.0,"power_w_max":164.954,"power_w_mean":144.31417054263514,