{"compute_capability":"8.0","device_name":"NVIDIA A100-SXM4-40GB","duration_s_per_run":1.5,"generated_at":"2026-04-30T07:21:36Z","idle_baseline":{"idle_clock_mhz_median":1410.0,"idle_power_w_mean":66.0233305084746,"idle_sample_count":118},"max_blocks_per_sm_query":1,"n_iters_calibrated":84725897,"n_sms":108,"rows":[{"actual_fraction":0.009259259259259259,"dcgm":{"active_sample_count":27,"sample_count":27,"sm_active_all_mean":0.008296296296296298,"sm_active_max":0.009,"sm_active_mean":0.008296296296296298,"sm_active_median":0.009,"sm_active_min":0.0},"dcgm_measured_blocks":0.8960000000000002,"dcgm_multi":{"fields":["sm_active","sm_occupancy","fp32_active","tensor_active"],"fp32_active":{"active_count":26,"count":26,"max_active":0.009,"mean_active":0.008653846153846156,"mean_all":0.008653846153846156,"median_active":0.009,"min_active":0.0},"interval_ms":100,"sm_active":{"active_count":26,"count":26,"max_active":0.009,"mean_active":0.008615384615384618,"mean_all":0.008615384615384618,"median_active":0.009,"min_active":0.0},"sm_occupancy":{"active_count":26,"count":26,"max_active":0.005,"mean_active":0.00476923076923077,"mean_all":0.00476923076923077,"median_active":0.005,"min_active":0.0},"tensor_active":{"active_count":26,"count":26,"max_active":0.0,"mean_active":0.0,"mean_all":0.0,"median_active":0.0,"min_active":0.0}},"fp32_active_per_busy_sm":1.0044642857142856,"idle":{"idle_clock_mhz_median":1410.0,"idle_power_w_mean":66.0233305084746,"idle_sample_count":118},"kernel_ms":1499.7403190000114,"n_sms":108,"per_call_iters":131888654,"power_w_above_idle":30.688556843304383,"power_w_max":97.06,"power_w_mean_active":96.71188735177898,"shifts":1,"sm_occupancy_per_busy_sm":0.5535714285714285,"target_blocks":1,"target_fraction":0.01,"telemetry":{"clock_mhz_max":1410.0,"clock_mhz_median":1410.0,"power_w_max":97.06,"power_w_mean":92.58482556131278,"sample_count":579,"sm_util_max":100.0,"sm_util_mean":81.78929188255613,"sm_util_median":100.0,"sm_util_min":0.0,"temp_c_max":32.0,"temp_c_mean":31.483592400690846},"tensor_active_per_busy_sm":0.0},{"actual_fraction":0.046296296296296294,"dcgm":{"active_sample_count":17,"sample_count":17,"sm_active_all_mean":0.04058823529411765,"sm_active_max":0.046,"sm_active_mean":0.04058823529411765,"sm_active_median":0.046,"sm_active_min":0.0},"dcgm_measured_blocks":4.383529411764706,"dcgm_multi":{"fields":["sm_active","sm_occupancy","fp32_active","tensor_active"],"fp32_active":{"active_count":17,"count":17,"max_active":0.046,"mean_active":0.04047058823529412,"mean_all":0.04047058823529412,"median_active":0.046,"min_active":0.0},"interval_ms":100,"sm_active":{"active_count":17,"count":17,"max_active":0.046,"mean_active":0.04058823529411765,"mean_all":0.04058823529411765,"median_active":0.046,"min_active":0.0},"sm_occupancy":{"active_count":17,"count":17,"max_active":0.023,"mean_active":0.020294117647058824,"mean_all":0.020294117647058824,"median_active":0.023,"min_active":0.0},"tensor_active":{"active_count":17,"count":17,"max_active":0.0,"mean_active":0.0,"mean_all":0.0,"median_active":0.0,"min_active":0.0}},"fp32_active_per_busy_sm":0.9971014492753624,"kernel_ms":1499.8650519999615,"n_sms":108,"per_call_iters":131888654,"power_w_above_idle":32.46588949152505,"power_w_max":100.118,"power_w_mean_active":98.48921999999965,"shifts":1,"sm_occupancy_per_busy_sm":0.5,"target_blocks":5,"target_fraction":0.05,"telemetry":{"clock_mhz_max":1410.0,"clock_mhz_median":1410.0,"power_w_max":100.118,"power_w_mean":94.89596666666662,"sample_count":390,"sm_util_max":100.0,"sm_util_mean":74.33589743589744,"sm_util_median":100.0,"sm_util_min":0.0,"temp_c_max":32.0,"temp_c_mean":31.846153846153847},"tensor_active_per_busy_sm":0.0},{"actual_fraction":0.10185185185185185,"dcgm":{"active_sample_count":15,"sample_count":18,"sm_active_all_mean":0.0838888888888889,"sm_active_max":0.102,"sm_active_mean":0.09906666666666669,"sm_active_median":0.102,"sm_active_min":0.058},"dcgm_measured_blocks":10.699200000000003,"dcgm_multi":{"fields":["sm_active","sm_occupancy","fp32_active","tensor_active"],"fp32_active":{"active_count":15,"count":18,"max_active":0.102,"mean_active":0.10200000000000004,"mean_all":0.08500000000000002,"median_active":0.102,"min_active":0.102},"interval_ms":100,"sm_active":{"active_count":15,"count":18,"max_active":0.102,"mean_active":0.09613333333333336,"mean_all":0.08277777777777778,"median_active":0.102,"min_active":0.058},"sm_occupancy":{"active_count":15,"count":18,"max_active":0.051,"mean_active":0.04806666666666668,"mean_all":0.04138888888888889,"median_active":0.051,"min_active":0.029},"tensor_active":{"active_count":15,"count":18,"max_active":0.0,"mean_active":0.0,"mean_all":0.0,"median_active":0.0,"min_active":0.0}},"fp32_active_per_busy_sm":1.0610263522884882,"kernel_ms":1500.2886220000278,"n_sms":108,"per_call_iters":131888654,"power_w_above_idle":35.03702354557947,"power_w_max":104.447,"power_w_mean_active":101.06035405405407,"shifts":1,"sm_occupancy_per_busy_sm":0.5,"target_blocks":11,"target_fraction":0.1,"telemetry":{"clock_mhz_max":1410.0,"clock_mhz_median":1410.0,"power_w_max":104.447,"power_w_mean":99.03885677749373,"sample_count":391,"sm_util_max":100.0,"sm_util_mean":74.49104859335038,"sm_util_median":100.0,"sm_util_min":0.0,"temp_c_max":33.0,"temp_c_mean":32.65217391304348},"tensor_active_per_busy_sm":0.0},{"actual_fraction":0.25,"dcgm":{"active_sample_count":15,"sample_count":18,"sm_active_all_mean":0.20833333333333334,"sm_active_max":0.25,"sm_active_mean":0.25,"sm_active_median":0.25,"sm_active_min":0.25},"dcgm_measured_blocks":27.0,"dcgm_multi":{"fields":["sm_active","sm_occupancy","fp32_active","tensor_active"],"fp32_active":{"active_count":15,"count":17,"max_active":0.25,"mean_active":0.2316,"mean_all":0.2091764705882353,"median_active":0.25,"min_active":0.112},"interval_ms":100,"sm_active":{"active_count":15,"count":17,"max_active":0.25,"mean_active":0.25,"mean_all":0.22058823529411764,"median_active":0.25,"min_active":0.25},"sm_occupancy":{"active_count":15,"count":17,"max_active":0.125,"mean_active":0.125,"mean_all":0.11029411764705882,"median_active":0.125,"min_active":0.125},"tensor_active":{"active_count":15,"count":17,"max_active":0.0,"mean_active":0.0,"mean_all":0.0,"median_active":0.0,"min_active":0.0}},"fp32_active_per_busy_sm":0.9264,"kernel_ms":1500.3250629999911,"n_sms":108,"per_call_iters":131888654,"power_w_above_idle":45.86223806295402,"power_w_max":115.981,"power_w_mean_active":111.88556857142862,"shifts":1,"sm_occupancy_per_busy_sm":0.5,"target_blocks":27,"target_fraction":0.25,"telemetry":{"clock_mhz_max":1410.0,"clock_mhz_median":1410.0,"power_w_max":115.981,"power_w_mean":107.12274102564089,"sample_count":390,"sm_util_max":100.0,"sm_util_mean":74.55384615384615,"sm_util_median":100.0,"sm_util_min":0.0,"temp_c_max":34.0,"temp_c_mean":33.40769230769231},"tensor_active_per_busy_sm":0.0},{"actual_fraction":0.5,"dcgm":{"active_sample_count":15,"sample_count":18,"sm_active_all_mean":0.4166666666666667,"sm_active_max":0.5,"sm_active_mean":0.5,"sm_active_median":0.5,"sm_active_min":0.5},"dcgm_measured_blocks":54.0,"dcgm_multi":{"fields":["sm_active","sm_occupancy","fp32_active","tensor_active"],"fp32_active":{"active_count":15,"count":18,"max_active":0.5,"mean_active":0.4924666666666667,"mean_all":0.4103888888888889,"median_active":0.5,"min_active":0.387},"interval_ms":100,"sm_active":{"active_count":15,"count":18,"max_active":0.5,"mean_active":0.5,"mean_all":0.4166666666666667,"median_active":0.5,"min_active":0.5},"sm_occupancy":{"active_count":15,"count":18,"max_active":0.25,"mean_active":0.25,"mean_all":0.20833333333333334,"median_active":0.25,"min_active":0.25},"tensor_active":{"active_count":15,"count":18,"max_active":0.0,"mean_active":0.0,"mean_all":0.0,"median_active":0.0,"min_active":0.0}},"fp32_active_per_busy_sm":0.9849333333333334,"kernel_ms":1500.3909170000043,"n_sms":108,"per_call_iters":131888654,"power_w_above_idle":62.80691450577007,"power_w_max":135.513,